,P_m_har,T_m_har,P_m_down
0,9.4284689448366,0.08096402657005349,8.666616759074277
1,3.677368685622442,0.0986623584510193,0.9447393159155537
2,3.052759021218913,0.02364287187373241,1.7202874817421843
3,4.5548192412790875,0.025744482639291667,8.229830337929938
4,3.383578443942498,0.05373574008368947,1.5927553428429864
