,P_m_har,T_m_har
0,89.95545084402514,1.9070290751461494
1,18.506741234556745,12.375367105549595
2,98.29398053367261,17.64271888904946
3,31.30404038326713,47.41667399481877
4,6.288691923305856,46.39118978217445
5,92.477973934613,77.81403137592233
6,58.32557513081529,69.73361316948457
7,6.951030810854264,92.6230739083281
8,2.571432189024825,40.27973077334477
9,53.90769486828471,8.066513909395157
