,P_m_har,T_m_har,P_m_down
0,0.9935449401591878,0.03955520360937689,8.02343154200605
1,7.992446470138415,0.07623141272486683,3.093928886145264
2,5.2084167111037525,0.07928226626619221,0.3251124889489343
3,6.388586700936284,0.04235432507527701,0.3730657468202292
4,9.443691722559,0.07063806300255569,4.8080367698959305
