,V_lm_vfly,V_lm_hfly,D_l_hfly
0,28.547231461372668,9.181880679210785,6.011538858762999
1,63.64838328233288,95.80272000043797,6.766230842904653
2,1.7206778043900361,70.14178745073981,1.9367175641587409
3,83.33016667194357,16.78427196190786,28.610055696563485
4,28.386270466775454,1.7753934973268715,19.247928439854945
5,72.62141823827118,52.1718845521636,23.051587703706577
6,66.09387913183913,5.8269470582238085,63.100656738985094
7,22.762749188606012,74.13034501112217,1.895972082673425
